date,action,order_id,payload
2026-01-30,sent,ORD00000001,"{'symbol': 'GLD', 'side': 'buy', 'qty': 39.967766999999995, 'order_type': 'market', 'tif': 'day', 'limit_price': None, 'timestamp': '2026-01-30', 'client_tag': 'strategy_rebalance', 'order_id': 'ORD00000001', 'remaining_qty': 39.967766999999995, 'status': 'open'}"
2026-01-30,sent,ORD00000002,"{'symbol': 'UUP', 'side': 'buy', 'qty': 962.195018, 'order_type': 'market', 'tif': 'day', 'limit_price': None, 'timestamp': '2026-01-30', 'client_tag': 'strategy_rebalance', 'order_id': 'ORD00000002', 'remaining_qty': 962.195018, 'status': 'open'}"
2026-01-30,filled,ORD00000001,"{'order_id': 'ORD00000001', 'symbol': 'GLD', 'side': 'buy', 'status': 'filled', 'requested_qty': 39.967766999999995, 'filled_qty': 39.967766999999995, 'remaining_qty': 0.0, 'fill_price': 111.2652949919677, 'event_date': '2026-01-30', 'reason': 'randomized_matching_sim'}"
2026-01-30,filled,ORD00000002,"{'order_id': 'ORD00000002', 'symbol': 'UUP', 'side': 'buy', 'status': 'filled', 'requested_qty': 962.195018, 'filled_qty': 962.195018, 'remaining_qty': 0.0, 'fill_price': 99.32807038201605, 'event_date': '2026-01-30', 'reason': 'randomized_matching_sim'}"
2026-02-02,sent,ORD00000003,"{'symbol': 'UUP', 'side': 'sell', 'qty': 36.121553, 'order_type': 'market', 'tif': 'day', 'limit_price': None, 'timestamp': '2026-02-02', 'client_tag': 'strategy_rebalance', 'order_id': 'ORD00000003', 'remaining_qty': 36.121553, 'status': 'open'}"
2026-02-02,sent,ORD00000004,"{'symbol': 'GLD', 'side': 'buy', 'qty': 33.607794, 'order_type': 'market', 'tif': 'day', 'limit_price': None, 'timestamp': '2026-02-02', 'client_tag': 'strategy_rebalance', 'order_id': 'ORD00000004', 'remaining_qty': 33.607794, 'status': 'open'}"
2026-02-02,filled,ORD00000003,"{'order_id': 'ORD00000003', 'symbol': 'UUP', 'side': 'sell', 'status': 'filled', 'requested_qty': 36.121553, 'filled_qty': 36.121553, 'remaining_qty': 0.0, 'fill_price': 99.80470670246865, 'event_date': '2026-02-02', 'reason': 'randomized_matching_sim'}"
2026-02-02,filled,ORD00000004,"{'order_id': 'ORD00000004', 'symbol': 'GLD', 'side': 'buy', 'status': 'filled', 'requested_qty': 33.607794, 'filled_qty': 33.607794, 'remaining_qty': 0.0, 'fill_price': 106.7174911378164, 'event_date': '2026-02-02', 'reason': 'randomized_matching_sim'}"
2026-02-03,sent,ORD00000005,"{'symbol': 'GLD', 'side': 'sell', 'qty': 8.0992, 'order_type': 'market', 'tif': 'day', 'limit_price': None, 'timestamp': '2026-02-03', 'client_tag': 'strategy_rebalance', 'order_id': 'ORD00000005', 'remaining_qty': 8.0992, 'status': 'open'}"
2026-02-03,rejected,ORD00000006,"{'reason': 'insufficient_cash', 'symbol': 'UUP', 'side': 'buy', 'qty': 9.199859, 'order_type': 'market', 'tif': 'day', 'limit_price': None, 'timestamp': '2026-02-03', 'client_tag': 'strategy_rebalance', 'order_id': 'ORD00000006', 'remaining_qty': 9.199859, 'status': 'rejected'}"
2026-02-03,filled,ORD00000005,"{'order_id': 'ORD00000005', 'symbol': 'GLD', 'side': 'sell', 'status': 'partial', 'requested_qty': 8.0992, 'filled_qty': 5.45634714197495, 'remaining_qty': 2.6428528580250497, 'fill_price': 113.25103238568285, 'event_date': '2026-02-03', 'reason': 'randomized_matching_sim'}"
2026-02-03,cancelled,ORD00000005,{'reason': 'cancel_remainder_after_partial'}
2026-02-04,sent,ORD00000007,"{'symbol': 'GLD', 'side': 'sell', 'qty': 51.381910999999995, 'order_type': 'market', 'tif': 'day', 'limit_price': None, 'timestamp': '2026-02-04', 'client_tag': 'strategy_rebalance', 'order_id': 'ORD00000007', 'remaining_qty': 51.381910999999995, 'status': 'open'}"
2026-02-04,sent,ORD00000008,"{'symbol': 'UUP', 'side': 'sell', 'qty': 345.832835, 'order_type': 'market', 'tif': 'day', 'limit_price': None, 'timestamp': '2026-02-04', 'client_tag': 'strategy_rebalance', 'order_id': 'ORD00000008', 'remaining_qty': 345.832835, 'status': 'open'}"
2026-02-04,sent,ORD00000009,"{'symbol': 'SPY', 'side': 'buy', 'qty': 365.438726, 'order_type': 'market', 'tif': 'day', 'limit_price': None, 'timestamp': '2026-02-04', 'client_tag': 'strategy_rebalance', 'order_id': 'ORD00000009', 'remaining_qty': 365.438726, 'status': 'open'}"
2026-02-04,sent,ORD00000010,"{'symbol': 'XLE', 'side': 'buy', 'qty': 35.874797, 'order_type': 'market', 'tif': 'day', 'limit_price': None, 'timestamp': '2026-02-04', 'client_tag': 'strategy_rebalance', 'order_id': 'ORD00000010', 'remaining_qty': 35.874797, 'status': 'open'}"
2026-02-04,filled,ORD00000007,"{'order_id': 'ORD00000007', 'symbol': 'GLD', 'side': 'sell', 'status': 'partial', 'requested_qty': 51.381910999999995, 'filled_qty': 13.40334055242599, 'remaining_qty': 37.97857044757401, 'fill_price': 113.17122871952142, 'event_date': '2026-02-04', 'reason': 'randomized_matching_sim'}"
2026-02-04,cancelled,ORD00000007,{'reason': 'cancel_remainder_after_partial'}
2026-02-04,filled,ORD00000008,"{'order_id': 'ORD00000008', 'symbol': 'UUP', 'side': 'sell', 'status': 'filled', 'requested_qty': 345.832835, 'filled_qty': 345.832835, 'remaining_qty': 0.0, 'fill_price': 99.87777105970218, 'event_date': '2026-02-04', 'reason': 'randomized_matching_sim'}"
2026-02-04,filled,ORD00000009,"{'order_id': 'ORD00000009', 'symbol': 'SPY', 'side': 'buy', 'status': 'filled', 'requested_qty': 365.438726, 'filled_qty': 365.438726, 'remaining_qty': 0.0, 'fill_price': 100.59918309418794, 'event_date': '2026-02-04', 'reason': 'randomized_matching_sim'}"
2026-02-04,filled,ORD00000010,"{'order_id': 'ORD00000010', 'symbol': 'XLE', 'side': 'buy', 'status': 'filled', 'requested_qty': 35.874797, 'filled_qty': 35.874797, 'remaining_qty': 0.0, 'fill_price': 117.79570384571774, 'event_date': '2026-02-04', 'reason': 'randomized_matching_sim'}"
2026-02-05,sent,ORD00000011,"{'symbol': 'GLD', 'side': 'sell', 'qty': 40.617003, 'order_type': 'market', 'tif': 'day', 'limit_price': None, 'timestamp': '2026-02-05', 'client_tag': 'strategy_rebalance', 'order_id': 'ORD00000011', 'remaining_qty': 40.617003, 'status': 'open'}"
2026-02-05,sent,ORD00000012,"{'symbol': 'UUP', 'side': 'sell', 'qty': 277.26055099999996, 'order_type': 'market', 'tif': 'day', 'limit_price': None, 'timestamp': '2026-02-05', 'client_tag': 'strategy_rebalance', 'order_id': 'ORD00000012', 'remaining_qty': 277.26055099999996, 'status': 'open'}"
2026-02-05,sent,ORD00000013,"{'symbol': 'XLE', 'side': 'sell', 'qty': 12.174239, 'order_type': 'market', 'tif': 'day', 'limit_price': None, 'timestamp': '2026-02-05', 'client_tag': 'strategy_rebalance', 'order_id': 'ORD00000013', 'remaining_qty': 12.174239, 'status': 'open'}"
2026-02-05,rejected,ORD00000014,"{'reason': 'insufficient_cash', 'symbol': 'SPY', 'side': 'buy', 'qty': 295.58098, 'order_type': 'market', 'tif': 'day', 'limit_price': None, 'timestamp': '2026-02-05', 'client_tag': 'strategy_rebalance', 'order_id': 'ORD00000014', 'remaining_qty': 295.58098, 'status': 'rejected'}"
2026-02-05,filled,ORD00000011,"{'order_id': 'ORD00000011', 'symbol': 'GLD', 'side': 'sell', 'status': 'filled', 'requested_qty': 40.617003, 'filled_qty': 40.617003, 'remaining_qty': 0.0, 'fill_price': 110.11642546843275, 'event_date': '2026-02-05', 'reason': 'randomized_matching_sim'}"
2026-02-05,filled,ORD00000012,"{'order_id': 'ORD00000012', 'symbol': 'UUP', 'side': 'sell', 'status': 'filled', 'requested_qty': 277.26055099999996, 'filled_qty': 277.26055099999996, 'remaining_qty': 0.0, 'fill_price': 100.17315838679073, 'event_date': '2026-02-05', 'reason': 'randomized_matching_sim'}"
2026-02-05,filled,ORD00000013,"{'order_id': 'ORD00000013', 'symbol': 'XLE', 'side': 'sell', 'status': 'filled', 'requested_qty': 12.174239, 'filled_qty': 12.174239, 'remaining_qty': 0.0, 'fill_price': 116.35854685774278, 'event_date': '2026-02-05', 'reason': 'randomized_matching_sim'}"
2026-02-06,sent,ORD00000015,"{'symbol': 'GLD', 'side': 'sell', 'qty': 14.09887, 'order_type': 'market', 'tif': 'day', 'limit_price': None, 'timestamp': '2026-02-06', 'client_tag': 'strategy_rebalance', 'order_id': 'ORD00000015', 'remaining_qty': 14.09887, 'status': 'open'}"
2026-02-06,sent,ORD00000016,"{'symbol': 'SPY', 'side': 'sell', 'qty': 56.796378, 'order_type': 'market', 'tif': 'day', 'limit_price': None, 'timestamp': '2026-02-06', 'client_tag': 'strategy_rebalance', 'order_id': 'ORD00000016', 'remaining_qty': 56.796378, 'status': 'open'}"
2026-02-06,sent,ORD00000017,"{'symbol': 'UUP', 'side': 'sell', 'qty': 57.907469, 'order_type': 'market', 'tif': 'day', 'limit_price': None, 'timestamp': '2026-02-06', 'client_tag': 'strategy_rebalance', 'order_id': 'ORD00000017', 'remaining_qty': 57.907469, 'status': 'open'}"
2026-02-06,sent,ORD00000018,"{'symbol': 'XLE', 'side': 'sell', 'qty': 23.700557999999997, 'order_type': 'market', 'tif': 'day', 'limit_price': None, 'timestamp': '2026-02-06', 'client_tag': 'strategy_rebalance', 'order_id': 'ORD00000018', 'remaining_qty': 23.700557999999997, 'status': 'open'}"
2026-02-06,rejected,ORD00000019,"{'reason': 'insufficient_cash', 'symbol': 'TLT', 'side': 'buy', 'qty': 451.14288, 'order_type': 'market', 'tif': 'day', 'limit_price': None, 'timestamp': '2026-02-06', 'client_tag': 'strategy_rebalance', 'order_id': 'ORD00000019', 'remaining_qty': 451.14288, 'status': 'rejected'}"
2026-02-06,filled,ORD00000015,"{'order_id': 'ORD00000015', 'symbol': 'GLD', 'side': 'sell', 'status': 'filled', 'requested_qty': 14.09887, 'filled_qty': 14.09887, 'remaining_qty': 0.0, 'fill_price': 113.44959623549373, 'event_date': '2026-02-06', 'reason': 'randomized_matching_sim'}"
2026-02-06,filled,ORD00000016,"{'order_id': 'ORD00000016', 'symbol': 'SPY', 'side': 'sell', 'status': 'filled', 'requested_qty': 56.796378, 'filled_qty': 56.796378, 'remaining_qty': 0.0, 'fill_price': 101.18204974976298, 'event_date': '2026-02-06', 'reason': 'randomized_matching_sim'}"
2026-02-06,filled,ORD00000017,"{'order_id': 'ORD00000017', 'symbol': 'UUP', 'side': 'sell', 'status': 'filled', 'requested_qty': 57.907469, 'filled_qty': 57.907469, 'remaining_qty': 0.0, 'fill_price': 99.87689745517457, 'event_date': '2026-02-06', 'reason': 'randomized_matching_sim'}"
2026-02-06,filled,ORD00000018,"{'order_id': 'ORD00000018', 'symbol': 'XLE', 'side': 'sell', 'status': 'filled', 'requested_qty': 23.700557999999997, 'filled_qty': 23.700557999999997, 'remaining_qty': 0.0, 'fill_price': 118.6535768563495, 'event_date': '2026-02-06', 'reason': 'randomized_matching_sim'}"
2026-02-09,sent,ORD00000020,"{'symbol': 'UUP', 'side': 'sell', 'qty': 136.649361, 'order_type': 'market', 'tif': 'day', 'limit_price': None, 'timestamp': '2026-02-09', 'client_tag': 'strategy_rebalance', 'order_id': 'ORD00000020', 'remaining_qty': 136.649361, 'status': 'open'}"
2026-02-09,sent,ORD00000021,"{'symbol': 'SPY', 'side': 'buy', 'qty': 16.592592, 'order_type': 'market', 'tif': 'day', 'limit_price': None, 'timestamp': '2026-02-09', 'client_tag': 'strategy_rebalance', 'order_id': 'ORD00000021', 'remaining_qty': 16.592592, 'status': 'open'}"
2026-02-09,rejected,ORD00000022,"{'reason': 'insufficient_cash', 'symbol': 'TLT', 'side': 'buy', 'qty': 569.289756, 'order_type': 'market', 'tif': 'day', 'limit_price': None, 'timestamp': '2026-02-09', 'client_tag': 'strategy_rebalance', 'order_id': 'ORD00000022', 'remaining_qty': 569.289756, 'status': 'rejected'}"
2026-02-09,filled,ORD00000020,"{'order_id': 'ORD00000020', 'symbol': 'UUP', 'side': 'sell', 'status': 'partial', 'requested_qty': 136.649361, 'filled_qty': 27.951508150109724, 'remaining_qty': 108.69785284989027, 'fill_price': 99.0600595055378, 'event_date': '2026-02-09', 'reason': 'randomized_matching_sim'}"
2026-02-09,cancelled,ORD00000020,{'reason': 'cancel_remainder_after_partial'}
2026-02-09,filled,ORD00000021,"{'order_id': 'ORD00000021', 'symbol': 'SPY', 'side': 'buy', 'status': 'partial', 'requested_qty': 16.592592, 'filled_qty': 11.427277898116545, 'remaining_qty': 5.165314101883455, 'fill_price': 101.70943044178902, 'event_date': '2026-02-09', 'reason': 'randomized_matching_sim'}"
2026-02-09,cancelled,ORD00000021,{'reason': 'cancel_remainder_after_partial'}
2026-02-10,sent,ORD00000023,"{'symbol': 'SPY', 'side': 'sell', 'qty': 320.069625, 'order_type': 'market', 'tif': 'day', 'limit_price': None, 'timestamp': '2026-02-10', 'client_tag': 'strategy_rebalance', 'order_id': 'ORD00000023', 'remaining_qty': 320.069625, 'status': 'open'}"
2026-02-10,sent,ORD00000024,"{'symbol': 'GLD', 'side': 'buy', 'qty': 60.594961, 'order_type': 'market', 'tif': 'day', 'limit_price': None, 'timestamp': '2026-02-10', 'client_tag': 'strategy_rebalance', 'order_id': 'ORD00000024', 'remaining_qty': 60.594961, 'status': 'open'}"
2026-02-10,rejected,ORD00000025,"{'reason': 'insufficient_cash', 'symbol': 'UUP', 'side': 'buy', 'qty': 730.2603419999999, 'order_type': 'market', 'tif': 'day', 'limit_price': None, 'timestamp': '2026-02-10', 'client_tag': 'strategy_rebalance', 'order_id': 'ORD00000025', 'remaining_qty': 730.2603419999999, 'status': 'rejected'}"
2026-02-10,filled,ORD00000023,"{'order_id': 'ORD00000023', 'symbol': 'SPY', 'side': 'sell', 'status': 'filled', 'requested_qty': 320.069625, 'filled_qty': 320.069625, 'remaining_qty': 0.0, 'fill_price': 101.40028977363447, 'event_date': '2026-02-10', 'reason': 'randomized_matching_sim'}"
2026-02-10,filled,ORD00000024,"{'order_id': 'ORD00000024', 'symbol': 'GLD', 'side': 'buy', 'status': 'filled', 'requested_qty': 60.594961, 'filled_qty': 60.594961, 'remaining_qty': 0.0, 'fill_price': 115.18293852542473, 'event_date': '2026-02-10', 'reason': 'randomized_matching_sim'}"
2026-02-11,sent,ORD00000026,"{'symbol': 'GLD', 'side': 'sell', 'qty': 60.594961, 'order_type': 'market', 'tif': 'day', 'limit_price': None, 'timestamp': '2026-02-11', 'client_tag': 'strategy_rebalance', 'order_id': 'ORD00000026', 'remaining_qty': 60.594961, 'status': 'open'}"
2026-02-11,sent,ORD00000027,"{'symbol': 'SPY', 'side': 'buy', 'qty': 96.30600899999999, 'order_type': 'market', 'tif': 'day', 'limit_price': None, 'timestamp': '2026-02-11', 'client_tag': 'strategy_rebalance', 'order_id': 'ORD00000027', 'remaining_qty': 96.30600899999999, 'status': 'open'}"
2026-02-11,sent,ORD00000028,"{'symbol': 'TLT', 'side': 'buy', 'qty': 183.260943, 'order_type': 'market', 'tif': 'day', 'limit_price': None, 'timestamp': '2026-02-11', 'client_tag': 'strategy_rebalance', 'order_id': 'ORD00000028', 'remaining_qty': 183.260943, 'status': 'open'}"
2026-02-11,sent,ORD00000029,"{'symbol': 'UUP', 'side': 'buy', 'qty': 456.705133, 'order_type': 'market', 'tif': 'day', 'limit_price': None, 'timestamp': '2026-02-11', 'client_tag': 'strategy_rebalance', 'order_id': 'ORD00000029', 'remaining_qty': 456.705133, 'status': 'open'}"
2026-02-11,sent,ORD00000030,"{'symbol': 'XLE', 'side': 'buy', 'qty': 47.676426, 'order_type': 'market', 'tif': 'day', 'limit_price': None, 'timestamp': '2026-02-11', 'client_tag': 'strategy_rebalance', 'order_id': 'ORD00000030', 'remaining_qty': 47.676426, 'status': 'open'}"
2026-02-11,cancelled,ORD00000026,"{'order_id': 'ORD00000026', 'symbol': 'GLD', 'side': 'sell', 'status': 'cancelled', 'requested_qty': 60.594961, 'filled_qty': 0.0, 'remaining_qty': 0.0, 'fill_price': 116.43182946793078, 'event_date': '2026-02-11', 'reason': 'randomized_matching_sim'}"
2026-02-11,filled,ORD00000027,"{'order_id': 'ORD00000027', 'symbol': 'SPY', 'side': 'buy', 'status': 'filled', 'requested_qty': 96.30600899999999, 'filled_qty': 96.30600899999999, 'remaining_qty': 0.0, 'fill_price': 101.41740878276713, 'event_date': '2026-02-11', 'reason': 'randomized_matching_sim'}"
2026-02-11,filled,ORD00000028,"{'order_id': 'ORD00000028', 'symbol': 'TLT', 'side': 'buy', 'status': 'filled', 'requested_qty': 183.260943, 'filled_qty': 183.260943, 'remaining_qty': 0.0, 'fill_price': 101.00719589904075, 'event_date': '2026-02-11', 'reason': 'randomized_matching_sim'}"
2026-02-11,filled,ORD00000029,"{'order_id': 'ORD00000029', 'symbol': 'UUP', 'side': 'buy', 'status': 'filled', 'requested_qty': 456.705133, 'filled_qty': 456.705133, 'remaining_qty': 0.0, 'fill_price': 99.24758397148999, 'event_date': '2026-02-11', 'reason': 'randomized_matching_sim'}"
2026-02-11,filled,ORD00000030,"{'order_id': 'ORD00000030', 'symbol': 'XLE', 'side': 'buy', 'status': 'partial', 'requested_qty': 47.676426, 'filled_qty': 29.683734821116083, 'remaining_qty': 17.992691178883916, 'fill_price': 122.51404081726497, 'event_date': '2026-02-11', 'reason': 'randomized_matching_sim'}"
2026-02-11,cancelled,ORD00000030,{'reason': 'cancel_remainder_after_partial'}
2026-02-12,sent,ORD00000031,"{'symbol': 'SPY', 'side': 'sell', 'qty': 96.30600899999999, 'order_type': 'market', 'tif': 'day', 'limit_price': None, 'timestamp': '2026-02-12', 'client_tag': 'strategy_rebalance', 'order_id': 'ORD00000031', 'remaining_qty': 96.30600899999999, 'status': 'open'}"
2026-02-12,sent,ORD00000032,"{'symbol': 'TLT', 'side': 'sell', 'qty': 183.260943, 'order_type': 'market', 'tif': 'day', 'limit_price': None, 'timestamp': '2026-02-12', 'client_tag': 'strategy_rebalance', 'order_id': 'ORD00000032', 'remaining_qty': 183.260943, 'status': 'open'}"
2026-02-12,sent,ORD00000033,"{'symbol': 'XLE', 'side': 'sell', 'qty': 29.683733999999998, 'order_type': 'market', 'tif': 'day', 'limit_price': None, 'timestamp': '2026-02-12', 'client_tag': 'strategy_rebalance', 'order_id': 'ORD00000033', 'remaining_qty': 29.683733999999998, 'status': 'open'}"
2026-02-12,sent,ORD00000034,"{'symbol': 'GLD', 'side': 'buy', 'qty': 28.863607, 'order_type': 'market', 'tif': 'day', 'limit_price': None, 'timestamp': '2026-02-12', 'client_tag': 'strategy_rebalance', 'order_id': 'ORD00000034', 'remaining_qty': 28.863607, 'status': 'open'}"
2026-02-12,rejected,ORD00000035,"{'reason': 'insufficient_cash', 'symbol': 'UUP', 'side': 'buy', 'qty': 240.17298399999999, 'order_type': 'market', 'tif': 'day', 'limit_price': None, 'timestamp': '2026-02-12', 'client_tag': 'strategy_rebalance', 'order_id': 'ORD00000035', 'remaining_qty': 240.17298399999999, 'status': 'rejected'}"
2026-02-12,filled,ORD00000031,"{'order_id': 'ORD00000031', 'symbol': 'SPY', 'side': 'sell', 'status': 'partial', 'requested_qty': 96.30600899999999, 'filled_qty': 68.45549101184461, 'remaining_qty': 27.850517988155374, 'fill_price': 99.79846819544942, 'event_date': '2026-02-12', 'reason': 'randomized_matching_sim'}"
2026-02-12,cancelled,ORD00000031,{'reason': 'cancel_remainder_after_partial'}
2026-02-12,filled,ORD00000032,"{'order_id': 'ORD00000032', 'symbol': 'TLT', 'side': 'sell', 'status': 'filled', 'requested_qty': 183.260943, 'filled_qty': 183.260943, 'remaining_qty': 0.0, 'fill_price': 102.29946112359521, 'event_date': '2026-02-12', 'reason': 'randomized_matching_sim'}"
2026-02-12,cancelled,ORD00000033,"{'order_id': 'ORD00000033', 'symbol': 'XLE', 'side': 'sell', 'status': 'cancelled', 'requested_qty': 29.683733999999998, 'filled_qty': 0.0, 'remaining_qty': 0.0, 'fill_price': 120.2170920224608, 'event_date': '2026-02-12', 'reason': 'randomized_matching_sim'}"
2026-02-12,filled,ORD00000034,"{'order_id': 'ORD00000034', 'symbol': 'GLD', 'side': 'buy', 'status': 'filled', 'requested_qty': 28.863607, 'filled_qty': 28.863607, 'remaining_qty': 0.0, 'fill_price': 112.36140620925889, 'event_date': '2026-02-12', 'reason': 'randomized_matching_sim'}"
2026-02-13,sent,ORD00000036,"{'symbol': 'GLD', 'side': 'sell', 'qty': 77.45843599999999, 'order_type': 'market', 'tif': 'day', 'limit_price': None, 'timestamp': '2026-02-13', 'client_tag': 'strategy_rebalance', 'order_id': 'ORD00000036', 'remaining_qty': 77.45843599999999, 'status': 'open'}"
2026-02-13,sent,ORD00000037,"{'symbol': 'UUP', 'side': 'sell', 'qty': 251.834681, 'order_type': 'market', 'tif': 'day', 'limit_price': None, 'timestamp': '2026-02-13', 'client_tag': 'strategy_rebalance', 'order_id': 'ORD00000037', 'remaining_qty': 251.834681, 'status': 'open'}"
2026-02-13,sent,ORD00000038,"{'symbol': 'XLE', 'side': 'sell', 'qty': 29.683733999999998, 'order_type': 'market', 'tif': 'day', 'limit_price': None, 'timestamp': '2026-02-13', 'client_tag': 'strategy_rebalance', 'order_id': 'ORD00000038', 'remaining_qty': 29.683733999999998, 'status': 'open'}"
2026-02-13,sent,ORD00000039,"{'symbol': 'SPY', 'side': 'buy', 'qty': 92.66967, 'order_type': 'market', 'tif': 'day', 'limit_price': None, 'timestamp': '2026-02-13', 'client_tag': 'strategy_rebalance', 'order_id': 'ORD00000039', 'remaining_qty': 92.66967, 'status': 'open'}"
2026-02-13,rejected,ORD00000040,"{'reason': 'insufficient_cash', 'symbol': 'TLT', 'side': 'buy', 'qty': 444.20575399999996, 'order_type': 'market', 'tif': 'day', 'limit_price': None, 'timestamp': '2026-02-13', 'client_tag': 'strategy_rebalance', 'order_id': 'ORD00000040', 'remaining_qty': 444.20575399999996, 'status': 'rejected'}"
2026-02-13,filled,ORD00000036,"{'order_id': 'ORD00000036', 'symbol': 'GLD', 'side': 'sell', 'status': 'filled', 'requested_qty': 77.45843599999999, 'filled_qty': 77.45843599999999, 'remaining_qty': 0.0, 'fill_price': 115.07656114996836, 'event_date': '2026-02-13', 'reason': 'randomized_matching_sim'}"
2026-02-13,filled,ORD00000037,"{'order_id': 'ORD00000037', 'symbol': 'UUP', 'side': 'sell', 'status': 'partial', 'requested_qty': 251.834681, 'filled_qty': 159.4022433701942, 'remaining_qty': 92.43243762980578, 'fill_price': 99.17090950605379, 'event_date': '2026-02-13', 'reason': 'randomized_matching_sim'}"
2026-02-13,cancelled,ORD00000037,{'reason': 'cancel_remainder_after_partial'}
2026-02-13,filled,ORD00000038,"{'order_id': 'ORD00000038', 'symbol': 'XLE', 'side': 'sell', 'status': 'partial', 'requested_qty': 29.683733999999998, 'filled_qty': 17.93332405289176, 'remaining_qty': 11.750409947108238, 'fill_price': 121.03829129458157, 'event_date': '2026-02-13', 'reason': 'randomized_matching_sim'}"
2026-02-13,cancelled,ORD00000038,{'reason': 'cancel_remainder_after_partial'}
2026-02-13,filled,ORD00000039,"{'order_id': 'ORD00000039', 'symbol': 'SPY', 'side': 'buy', 'status': 'partial', 'requested_qty': 92.66967, 'filled_qty': 21.506505357926528, 'remaining_qty': 71.16316464207347, 'fill_price': 99.9087106526309, 'event_date': '2026-02-13', 'reason': 'randomized_matching_sim'}"
2026-02-13,cancelled,ORD00000039,{'reason': 'cancel_remainder_after_partial'}
2026-02-17,sent,ORD00000041,"{'symbol': 'GLD', 'side': 'sell', 'qty': 4.186299, 'order_type': 'market', 'tif': 'day', 'limit_price': None, 'timestamp': '2026-02-17', 'client_tag': 'strategy_rebalance', 'order_id': 'ORD00000041', 'remaining_qty': 4.186299, 'status': 'open'}"
2026-02-17,sent,ORD00000042,"{'symbol': 'XLE', 'side': 'sell', 'qty': 11.750409999999999, 'order_type': 'market', 'tif': 'day', 'limit_price': None, 'timestamp': '2026-02-17', 'client_tag': 'strategy_rebalance', 'order_id': 'ORD00000042', 'remaining_qty': 11.750409999999999, 'status': 'open'}"
2026-02-17,sent,ORD00000043,"{'symbol': 'SPY', 'side': 'buy', 'qty': 276.259463, 'order_type': 'market', 'tif': 'day', 'limit_price': None, 'timestamp': '2026-02-17', 'client_tag': 'strategy_rebalance', 'order_id': 'ORD00000043', 'remaining_qty': 276.259463, 'status': 'open'}"
2026-02-17,sent,ORD00000044,"{'symbol': 'TLT', 'side': 'buy', 'qty': 88.633985, 'order_type': 'market', 'tif': 'day', 'limit_price': None, 'timestamp': '2026-02-17', 'client_tag': 'strategy_rebalance', 'order_id': 'ORD00000044', 'remaining_qty': 88.633985, 'status': 'open'}"
2026-02-17,sent,ORD00000045,"{'symbol': 'UUP', 'side': 'buy', 'qty': 73.463672, 'order_type': 'market', 'tif': 'day', 'limit_price': None, 'timestamp': '2026-02-17', 'client_tag': 'strategy_rebalance', 'order_id': 'ORD00000045', 'remaining_qty': 73.463672, 'status': 'open'}"
2026-02-17,filled,ORD00000041,"{'order_id': 'ORD00000041', 'symbol': 'GLD', 'side': 'sell', 'status': 'filled', 'requested_qty': 4.186299, 'filled_qty': 4.186299, 'remaining_qty': 0.0, 'fill_price': 111.43250267332671, 'event_date': '2026-02-17', 'reason': 'randomized_matching_sim'}"
2026-02-17,filled,ORD00000042,"{'order_id': 'ORD00000042', 'symbol': 'XLE', 'side': 'sell', 'status': 'filled', 'requested_qty': 11.750409999999999, 'filled_qty': 11.750409999999999, 'remaining_qty': 0.0, 'fill_price': 119.69465615598519, 'event_date': '2026-02-17', 'reason': 'randomized_matching_sim'}"
2026-02-17,filled,ORD00000043,"{'order_id': 'ORD00000043', 'symbol': 'SPY', 'side': 'buy', 'status': 'filled', 'requested_qty': 276.259463, 'filled_qty': 276.259463, 'remaining_qty': 0.0, 'fill_price': 100.06977941037138, 'event_date': '2026-02-17', 'reason': 'randomized_matching_sim'}"
2026-02-17,filled,ORD00000044,"{'order_id': 'ORD00000044', 'symbol': 'TLT', 'side': 'buy', 'status': 'filled', 'requested_qty': 88.633985, 'filled_qty': 88.633985, 'remaining_qty': 0.0, 'fill_price': 103.07273835907284, 'event_date': '2026-02-17', 'reason': 'randomized_matching_sim'}"
2026-02-17,filled,ORD00000045,"{'order_id': 'ORD00000045', 'symbol': 'UUP', 'side': 'buy', 'status': 'filled', 'requested_qty': 73.463672, 'filled_qty': 73.463672, 'remaining_qty': 0.0, 'fill_price': 99.54294989648746, 'event_date': '2026-02-17', 'reason': 'randomized_matching_sim'}"
2026-02-18,sent,ORD00000046,"{'symbol': 'SPY', 'side': 'sell', 'qty': 325.616487, 'order_type': 'market', 'tif': 'day', 'limit_price': None, 'timestamp': '2026-02-18', 'client_tag': 'strategy_rebalance', 'order_id': 'ORD00000046', 'remaining_qty': 325.616487, 'status': 'open'}"
2026-02-18,sent,ORD00000047,"{'symbol': 'TLT', 'side': 'sell', 'qty': 88.633984, 'order_type': 'market', 'tif': 'day', 'limit_price': None, 'timestamp': '2026-02-18', 'client_tag': 'strategy_rebalance', 'order_id': 'ORD00000047', 'remaining_qty': 88.633984, 'status': 'open'}"
2026-02-18,sent,ORD00000048,"{'symbol': 'GLD', 'side': 'buy', 'qty': 48.443418, 'order_type': 'market', 'tif': 'day', 'limit_price': None, 'timestamp': '2026-02-18', 'client_tag': 'strategy_rebalance', 'order_id': 'ORD00000048', 'remaining_qty': 48.443418, 'status': 'open'}"
2026-02-18,rejected,ORD00000049,"{'reason': 'insufficient_cash', 'symbol': 'UUP', 'side': 'buy', 'qty': 362.580224, 'order_type': 'market', 'tif': 'day', 'limit_price': None, 'timestamp': '2026-02-18', 'client_tag': 'strategy_rebalance', 'order_id': 'ORD00000049', 'remaining_qty': 362.580224, 'status': 'rejected'}"
2026-02-18,filled,ORD00000046,"{'order_id': 'ORD00000046', 'symbol': 'SPY', 'side': 'sell', 'status': 'filled', 'requested_qty': 325.616487, 'filled_qty': 325.616487, 'remaining_qty': 0.0, 'fill_price': 100.5324156430201, 'event_date': '2026-02-18', 'reason': 'randomized_matching_sim'}"
2026-02-18,filled,ORD00000047,"{'order_id': 'ORD00000047', 'symbol': 'TLT', 'side': 'sell', 'status': 'filled', 'requested_qty': 88.633984, 'filled_qty': 88.633984, 'remaining_qty': 0.0, 'fill_price': 102.64098298265526, 'event_date': '2026-02-18', 'reason': 'randomized_matching_sim'}"
2026-02-18,filled,ORD00000048,"{'order_id': 'ORD00000048', 'symbol': 'GLD', 'side': 'buy', 'status': 'filled', 'requested_qty': 48.443418, 'filled_qty': 48.443418, 'remaining_qty': 0.0, 'fill_price': 113.95641965290743, 'event_date': '2026-02-18', 'reason': 'randomized_matching_sim'}"
2026-02-19,sent,ORD00000050,"{'symbol': 'GLD', 'side': 'sell', 'qty': 29.60088, 'order_type': 'market', 'tif': 'day', 'limit_price': None, 'timestamp': '2026-02-19', 'client_tag': 'strategy_rebalance', 'order_id': 'ORD00000050', 'remaining_qty': 29.60088, 'status': 'open'}"
2026-02-19,sent,ORD00000051,"{'symbol': 'UUP', 'side': 'sell', 'qty': 213.69366599999998, 'order_type': 'market', 'tif': 'day', 'limit_price': None, 'timestamp': '2026-02-19', 'client_tag': 'strategy_rebalance', 'order_id': 'ORD00000051', 'remaining_qty': 213.69366599999998, 'status': 'open'}"
2026-02-19,rejected,ORD00000052,"{'reason': 'insufficient_cash', 'symbol': 'TLT', 'side': 'buy', 'qty': 594.735224, 'order_type': 'market', 'tif': 'day', 'limit_price': None, 'timestamp': '2026-02-19', 'client_tag': 'strategy_rebalance', 'order_id': 'ORD00000052', 'remaining_qty': 594.735224, 'status': 'rejected'}"
2026-02-19,filled,ORD00000050,"{'order_id': 'ORD00000050', 'symbol': 'GLD', 'side': 'sell', 'status': 'filled', 'requested_qty': 29.60088, 'filled_qty': 29.60088, 'remaining_qty': 0.0, 'fill_price': 114.22856140465886, 'event_date': '2026-02-19', 'reason': 'randomized_matching_sim'}"
2026-02-19,filled,ORD00000051,"{'order_id': 'ORD00000051', 'symbol': 'UUP', 'side': 'sell', 'status': 'filled', 'requested_qty': 213.69366599999998, 'filled_qty': 213.69366599999998, 'remaining_qty': 0.0, 'fill_price': 100.27755674540363, 'event_date': '2026-02-19', 'reason': 'randomized_matching_sim'}"
2026-02-20,sent,ORD00000053,"{'symbol': 'GLD', 'side': 'sell', 'qty': 26.656371, 'order_type': 'market', 'tif': 'day', 'limit_price': None, 'timestamp': '2026-02-20', 'client_tag': 'strategy_rebalance', 'order_id': 'ORD00000053', 'remaining_qty': 26.656371, 'status': 'open'}"
2026-02-20,sent,ORD00000054,"{'symbol': 'UUP', 'side': 'sell', 'qty': 277.371632, 'order_type': 'market', 'tif': 'day', 'limit_price': None, 'timestamp': '2026-02-20', 'client_tag': 'strategy_rebalance', 'order_id': 'ORD00000054', 'remaining_qty': 277.371632, 'status': 'open'}"
2026-02-20,sent,ORD00000055,"{'symbol': 'SPY', 'side': 'buy', 'qty': 240.206257, 'order_type': 'market', 'tif': 'day', 'limit_price': None, 'timestamp': '2026-02-20', 'client_tag': 'strategy_rebalance', 'order_id': 'ORD00000055', 'remaining_qty': 240.206257, 'status': 'open'}"
2026-02-20,rejected,ORD00000056,"{'reason': 'insufficient_cash', 'symbol': 'TLT', 'side': 'buy', 'qty': 660.760818, 'order_type': 'market', 'tif': 'day', 'limit_price': None, 'timestamp': '2026-02-20', 'client_tag': 'strategy_rebalance', 'order_id': 'ORD00000056', 'remaining_qty': 660.760818, 'status': 'rejected'}"
2026-02-20,filled,ORD00000053,"{'order_id': 'ORD00000053', 'symbol': 'GLD', 'side': 'sell', 'status': 'filled', 'requested_qty': 26.656371, 'filled_qty': 26.656371, 'remaining_qty': 0.0, 'fill_price': 116.45861011619401, 'event_date': '2026-02-20', 'reason': 'randomized_matching_sim'}"
2026-02-20,cancelled,ORD00000054,"{'order_id': 'ORD00000054', 'symbol': 'UUP', 'side': 'sell', 'status': 'cancelled', 'requested_qty': 277.371632, 'filled_qty': 0.0, 'remaining_qty': 0.0, 'fill_price': 100.16656515163794, 'event_date': '2026-02-20', 'reason': 'randomized_matching_sim'}"
2026-02-20,filled,ORD00000055,"{'order_id': 'ORD00000055', 'symbol': 'SPY', 'side': 'buy', 'status': 'filled', 'requested_qty': 240.206257, 'filled_qty': 240.206257, 'remaining_qty': 0.0, 'fill_price': 101.0298280879288, 'event_date': '2026-02-20', 'reason': 'randomized_matching_sim'}"
2026-02-23,sent,ORD00000057,"{'symbol': 'UUP', 'side': 'sell', 'qty': 126.70177299999999, 'order_type': 'market', 'tif': 'day', 'limit_price': None, 'timestamp': '2026-02-23', 'client_tag': 'strategy_rebalance', 'order_id': 'ORD00000057', 'remaining_qty': 126.70177299999999, 'status': 'open'}"
2026-02-23,sent,ORD00000058,"{'symbol': 'SPY', 'side': 'buy', 'qty': 298.41621, 'order_type': 'market', 'tif': 'day', 'limit_price': None, 'timestamp': '2026-02-23', 'client_tag': 'strategy_rebalance', 'order_id': 'ORD00000058', 'remaining_qty': 298.41621, 'status': 'open'}"
2026-02-23,rejected,ORD00000059,"{'reason': 'insufficient_cash', 'symbol': 'TLT', 'side': 'buy', 'qty': 221.66356499999998, 'order_type': 'market', 'tif': 'day', 'limit_price': None, 'timestamp': '2026-02-23', 'client_tag': 'strategy_rebalance', 'order_id': 'ORD00000059', 'remaining_qty': 221.66356499999998, 'status': 'rejected'}"
2026-02-23,filled,ORD00000057,"{'order_id': 'ORD00000057', 'symbol': 'UUP', 'side': 'sell', 'status': 'filled', 'requested_qty': 126.70177299999999, 'filled_qty': 126.70177299999999, 'remaining_qty': 0.0, 'fill_price': 100.16656515163794, 'event_date': '2026-02-23', 'reason': 'randomized_matching_sim'}"
2026-02-23,filled,ORD00000058,"{'order_id': 'ORD00000058', 'symbol': 'SPY', 'side': 'buy', 'status': 'filled', 'requested_qty': 298.41621, 'filled_qty': 298.41621, 'remaining_qty': 0.0, 'fill_price': 99.99287864020525, 'event_date': '2026-02-23', 'reason': 'randomized_matching_sim'}"
2026-02-24,sent,ORD00000060,"{'symbol': 'SPY', 'side': 'sell', 'qty': 28.891633, 'order_type': 'market', 'tif': 'day', 'limit_price': None, 'timestamp': '2026-02-24', 'client_tag': 'strategy_rebalance', 'order_id': 'ORD00000060', 'remaining_qty': 28.891633, 'status': 'open'}"
2026-02-24,sent,ORD00000061,"{'symbol': 'GLD', 'side': 'buy', 'qty': 16.604216, 'order_type': 'market', 'tif': 'day', 'limit_price': None, 'timestamp': '2026-02-24', 'client_tag': 'strategy_rebalance', 'order_id': 'ORD00000061', 'remaining_qty': 16.604216, 'status': 'open'}"
2026-02-24,rejected,ORD00000062,"{'reason': 'insufficient_cash', 'symbol': 'UUP', 'side': 'buy', 'qty': 236.905957, 'order_type': 'market', 'tif': 'day', 'limit_price': None, 'timestamp': '2026-02-24', 'client_tag': 'strategy_rebalance', 'order_id': 'ORD00000062', 'remaining_qty': 236.905957, 'status': 'rejected'}"
2026-02-24,filled,ORD00000060,"{'order_id': 'ORD00000060', 'symbol': 'SPY', 'side': 'sell', 'status': 'partial', 'requested_qty': 28.891633, 'filled_qty': 9.083002016738096, 'remaining_qty': 19.808630983261903, 'fill_price': 100.67677081268971, 'event_date': '2026-02-24', 'reason': 'randomized_matching_sim'}"
2026-02-24,cancelled,ORD00000060,{'reason': 'cancel_remainder_after_partial'}
2026-02-24,filled,ORD00000061,"{'order_id': 'ORD00000061', 'symbol': 'GLD', 'side': 'buy', 'status': 'filled', 'requested_qty': 16.604216, 'filled_qty': 16.604216, 'remaining_qty': 0.0, 'fill_price': 117.94161488735422, 'event_date': '2026-02-24', 'reason': 'randomized_matching_sim'}"
2026-02-25,sent,ORD00000063,"{'symbol': 'SPY', 'side': 'sell', 'qty': 529.539465, 'order_type': 'market', 'tif': 'day', 'limit_price': None, 'timestamp': '2026-02-25', 'client_tag': 'strategy_rebalance', 'order_id': 'ORD00000063', 'remaining_qty': 529.539465, 'status': 'open'}"
2026-02-25,sent,ORD00000064,"{'symbol': 'GLD', 'side': 'buy', 'qty': 48.915982, 'order_type': 'market', 'tif': 'day', 'limit_price': None, 'timestamp': '2026-02-25', 'client_tag': 'strategy_rebalance', 'order_id': 'ORD00000064', 'remaining_qty': 48.915982, 'status': 'open'}"
2026-02-25,rejected,ORD00000065,"{'reason': 'insufficient_cash', 'symbol': 'UUP', 'side': 'buy', 'qty': 696.703572, 'order_type': 'market', 'tif': 'day', 'limit_price': None, 'timestamp': '2026-02-25', 'client_tag': 'strategy_rebalance', 'order_id': 'ORD00000065', 'remaining_qty': 696.703572, 'status': 'rejected'}"
2026-02-25,cancelled,ORD00000063,"{'order_id': 'ORD00000063', 'symbol': 'SPY', 'side': 'sell', 'status': 'cancelled', 'requested_qty': 529.539465, 'filled_qty': 0.0, 'remaining_qty': 0.0, 'fill_price': 101.52274482106462, 'event_date': '2026-02-25', 'reason': 'randomized_matching_sim'}"
2026-02-25,filled,ORD00000064,"{'order_id': 'ORD00000064', 'symbol': 'GLD', 'side': 'buy', 'status': 'filled', 'requested_qty': 48.915982, 'filled_qty': 48.915982, 'remaining_qty': 0.0, 'fill_price': 117.64553290903095, 'event_date': '2026-02-25', 'reason': 'randomized_matching_sim'}"
2026-02-26,sent,ORD00000066,"{'symbol': 'GLD', 'side': 'sell', 'qty': 31.608477999999998, 'order_type': 'market', 'tif': 'day', 'limit_price': None, 'timestamp': '2026-02-26', 'client_tag': 'strategy_rebalance', 'order_id': 'ORD00000066', 'remaining_qty': 31.608477999999998, 'status': 'open'}"
2026-02-26,sent,ORD00000067,"{'symbol': 'SPY', 'side': 'sell', 'qty': 529.539465, 'order_type': 'market', 'tif': 'day', 'limit_price': None, 'timestamp': '2026-02-26', 'client_tag': 'strategy_rebalance', 'order_id': 'ORD00000067', 'remaining_qty': 529.539465, 'status': 'open'}"
2026-02-26,sent,ORD00000068,"{'symbol': 'TLT', 'side': 'buy', 'qty': 625.144248, 'order_type': 'market', 'tif': 'day', 'limit_price': None, 'timestamp': '2026-02-26', 'client_tag': 'strategy_rebalance', 'order_id': 'ORD00000068', 'remaining_qty': 625.144248, 'status': 'open'}"
2026-02-26,rejected,ORD00000069,"{'reason': 'insufficient_cash', 'symbol': 'UUP', 'side': 'buy', 'qty': 84.97055999999999, 'order_type': 'market', 'tif': 'day', 'limit_price': None, 'timestamp': '2026-02-26', 'client_tag': 'strategy_rebalance', 'order_id': 'ORD00000069', 'remaining_qty': 84.97055999999999, 'status': 'rejected'}"
2026-02-26,filled,ORD00000066,"{'order_id': 'ORD00000066', 'symbol': 'GLD', 'side': 'sell', 'status': 'filled', 'requested_qty': 31.608477999999998, 'filled_qty': 31.608477999999998, 'remaining_qty': 0.0, 'fill_price': 118.60269595601413, 'event_date': '2026-02-26', 'reason': 'randomized_matching_sim'}"
2026-02-26,filled,ORD00000067,"{'order_id': 'ORD00000067', 'symbol': 'SPY', 'side': 'sell', 'status': 'filled', 'requested_qty': 529.539465, 'filled_qty': 529.539465, 'remaining_qty': 0.0, 'fill_price': 100.9572744746499, 'event_date': '2026-02-26', 'reason': 'randomized_matching_sim'}"
2026-02-26,filled,ORD00000068,"{'order_id': 'ORD00000068', 'symbol': 'TLT', 'side': 'buy', 'status': 'partial', 'requested_qty': 625.144248, 'filled_qty': 464.6071664061505, 'remaining_qty': 160.53708159384945, 'fill_price': 103.52872062206681, 'event_date': '2026-02-26', 'reason': 'randomized_matching_sim'}"
2026-02-26,cancelled,ORD00000068,{'reason': 'cancel_remainder_after_partial'}
2026-02-27,sent,ORD00000070,"{'symbol': 'GLD', 'side': 'sell', 'qty': 21.02158, 'order_type': 'market', 'tif': 'day', 'limit_price': None, 'timestamp': '2026-02-27', 'client_tag': 'strategy_rebalance', 'order_id': 'ORD00000070', 'remaining_qty': 21.02158, 'status': 'open'}"
2026-02-27,sent,ORD00000071,"{'symbol': 'TLT', 'side': 'buy', 'qty': 169.93886, 'order_type': 'market', 'tif': 'day', 'limit_price': None, 'timestamp': '2026-02-27', 'client_tag': 'strategy_rebalance', 'order_id': 'ORD00000071', 'remaining_qty': 169.93886, 'status': 'open'}"
2026-02-27,rejected,ORD00000072,"{'reason': 'insufficient_cash', 'symbol': 'UUP', 'side': 'buy', 'qty': 99.263842, 'order_type': 'market', 'tif': 'day', 'limit_price': None, 'timestamp': '2026-02-27', 'client_tag': 'strategy_rebalance', 'order_id': 'ORD00000072', 'remaining_qty': 99.263842, 'status': 'rejected'}"
2026-02-27,filled,ORD00000070,"{'order_id': 'ORD00000070', 'symbol': 'GLD', 'side': 'sell', 'status': 'filled', 'requested_qty': 21.02158, 'filled_qty': 21.02158, 'remaining_qty': 0.0, 'fill_price': 120.14998044951192, 'event_date': '2026-02-27', 'reason': 'randomized_matching_sim'}"
2026-02-27,filled,ORD00000071,"{'order_id': 'ORD00000071', 'symbol': 'TLT', 'side': 'buy', 'status': 'filled', 'requested_qty': 169.93886, 'filled_qty': 169.93886, 'remaining_qty': 0.0, 'fill_price': 104.15759207559302, 'event_date': '2026-02-27', 'reason': 'randomized_matching_sim'}"
2026-03-02,sent,ORD00000073,"{'symbol': 'TLT', 'side': 'sell', 'qty': 634.546027, 'order_type': 'market', 'tif': 'day', 'limit_price': None, 'timestamp': '2026-03-02', 'client_tag': 'strategy_rebalance', 'order_id': 'ORD00000073', 'remaining_qty': 634.546027, 'status': 'open'}"
2026-03-02,sent,ORD00000074,"{'symbol': 'GLD', 'side': 'buy', 'qty': 3.799975, 'order_type': 'market', 'tif': 'day', 'limit_price': None, 'timestamp': '2026-03-02', 'client_tag': 'strategy_rebalance', 'order_id': 'ORD00000074', 'remaining_qty': 3.799975, 'status': 'open'}"
2026-03-02,sent,ORD00000075,"{'symbol': 'SPY', 'side': 'buy', 'qty': 334.92983799999996, 'order_type': 'market', 'tif': 'day', 'limit_price': None, 'timestamp': '2026-03-02', 'client_tag': 'strategy_rebalance', 'order_id': 'ORD00000075', 'remaining_qty': 334.92983799999996, 'status': 'open'}"
2026-03-02,sent,ORD00000076,"{'symbol': 'UUP', 'side': 'buy', 'qty': 378.093353, 'order_type': 'market', 'tif': 'day', 'limit_price': None, 'timestamp': '2026-03-02', 'client_tag': 'strategy_rebalance', 'order_id': 'ORD00000076', 'remaining_qty': 378.093353, 'status': 'open'}"
2026-03-02,sent,ORD00000077,"{'symbol': 'XLE', 'side': 'buy', 'qty': 23.601260999999997, 'order_type': 'market', 'tif': 'day', 'limit_price': None, 'timestamp': '2026-03-02', 'client_tag': 'strategy_rebalance', 'order_id': 'ORD00000077', 'remaining_qty': 23.601260999999997, 'status': 'open'}"
2026-03-02,filled,ORD00000073,"{'order_id': 'ORD00000073', 'symbol': 'TLT', 'side': 'sell', 'status': 'filled', 'requested_qty': 634.546027, 'filled_qty': 634.546027, 'remaining_qty': 0.0, 'fill_price': 103.06511521099563, 'event_date': '2026-03-02', 'reason': 'randomized_matching_sim'}"
2026-03-02,filled,ORD00000074,"{'order_id': 'ORD00000074', 'symbol': 'GLD', 'side': 'buy', 'status': 'filled', 'requested_qty': 3.799975, 'filled_qty': 3.799975, 'remaining_qty': 0.0, 'fill_price': 121.74105002223583, 'event_date': '2026-03-02', 'reason': 'randomized_matching_sim'}"
2026-03-02,filled,ORD00000075,"{'order_id': 'ORD00000075', 'symbol': 'SPY', 'side': 'buy', 'status': 'filled', 'requested_qty': 334.92983799999996, 'filled_qty': 334.92983799999996, 'remaining_qty': 0.0, 'fill_price': 100.56863841690506, 'event_date': '2026-03-02', 'reason': 'randomized_matching_sim'}"
2026-03-02,cancelled,ORD00000076,"{'order_id': 'ORD00000076', 'symbol': 'UUP', 'side': 'buy', 'status': 'cancelled', 'requested_qty': 378.093353, 'filled_qty': 0.0, 'remaining_qty': 0.0, 'fill_price': 101.09001906898881, 'event_date': '2026-03-02', 'reason': 'randomized_matching_sim'}"
2026-03-02,filled,ORD00000077,"{'order_id': 'ORD00000077', 'symbol': 'XLE', 'side': 'buy', 'status': 'partial', 'requested_qty': 23.601260999999997, 'filled_qty': 9.919008556956236, 'remaining_qty': 13.682252443043762, 'fill_price': 127.00058208998952, 'event_date': '2026-03-02', 'reason': 'randomized_matching_sim'}"
2026-03-02,cancelled,ORD00000077,{'reason': 'cancel_remainder_after_partial'}
